added locations from CSV, Fri Apr 30 12:42:55 EEST 2021
added actors from CSV, Fri Apr 30 12:42:55 EEST 2021
added clients from CSV, Fri Apr 30 12:42:55 EEST 2021
added comedians from CSV, Fri Apr 30 12:42:55 EEST 2021
added singers from CSV, Fri Apr 30 12:42:55 EEST 2021
added concerts from CSV, Fri Apr 30 12:42:55 EEST 2021
added movies from CSV, Fri Apr 30 12:42:55 EEST 2021
added stand-up from CSV, Fri Apr 30 12:42:55 EEST 2021
added theatre plays from CSV, Fri Apr 30 12:42:55 EEST 2021
added locations from CSV, Fri Apr 30 14:41:13 EEST 2021
added actors from CSV, Fri Apr 30 14:41:13 EEST 2021
added clients from CSV, Fri Apr 30 14:41:13 EEST 2021
added comedians from CSV, Fri Apr 30 14:41:13 EEST 2021
added singers from CSV, Fri Apr 30 14:41:13 EEST 2021
added concerts from CSV, Fri Apr 30 14:41:13 EEST 2021
added movies from CSV, Fri Apr 30 14:41:13 EEST 2021
added stand-up from CSV, Fri Apr 30 14:41:13 EEST 2021
added theatre plays from CSV, Fri Apr 30 14:41:13 EEST 2021
added locations from CSV, Fri Apr 30 14:42:51 EEST 2021
added actors from CSV, Fri Apr 30 14:42:51 EEST 2021
added clients from CSV, Fri Apr 30 14:42:51 EEST 2021
added comedians from CSV, Fri Apr 30 14:42:51 EEST 2021
added singers from CSV, Fri Apr 30 14:42:51 EEST 2021
added concerts from CSV, Fri Apr 30 14:42:51 EEST 2021
added movies from CSV, Fri Apr 30 14:42:51 EEST 2021
added stand-up from CSV, Fri Apr 30 14:42:51 EEST 2021
added theatre plays from CSV, Fri Apr 30 14:42:51 EEST 2021
added locations from CSV, Fri Apr 30 17:19:47 EEST 2021
added actors from CSV, Fri Apr 30 17:19:47 EEST 2021
added clients from CSV, Fri Apr 30 17:19:47 EEST 2021
added comedians from CSV, Fri Apr 30 17:19:47 EEST 2021
added singers from CSV, Fri Apr 30 17:19:47 EEST 2021
added concerts from CSV, Fri Apr 30 17:19:47 EEST 2021
added movies from CSV, Fri Apr 30 17:19:47 EEST 2021
added stand-up from CSV, Fri Apr 30 17:19:47 EEST 2021
added theatre plays from CSV, Fri Apr 30 17:19:47 EEST 2021
listed all locations, Fri Apr 30 17:20:07 EEST 2021
added locations from CSV, Fri Apr 30 17:26:56 EEST 2021
added actors from CSV, Fri Apr 30 17:26:56 EEST 2021
added clients from CSV, Fri Apr 30 17:26:56 EEST 2021
added comedians from CSV, Fri Apr 30 17:26:56 EEST 2021
added singers from CSV, Fri Apr 30 17:26:56 EEST 2021
added concerts from CSV, Fri Apr 30 17:26:56 EEST 2021
added movies from CSV, Fri Apr 30 17:26:56 EEST 2021
added stand-up from CSV, Fri Apr 30 17:26:56 EEST 2021
added theatre plays from CSV, Fri Apr 30 17:26:56 EEST 2021
added locations from CSV, Fri Apr 30 17:29:10 EEST 2021
added actors from CSV, Fri Apr 30 17:29:10 EEST 2021
added clients from CSV, Fri Apr 30 17:29:10 EEST 2021
added comedians from CSV, Fri Apr 30 17:29:10 EEST 2021
added singers from CSV, Fri Apr 30 17:29:10 EEST 2021
added concerts from CSV, Fri Apr 30 17:29:10 EEST 2021
added movies from CSV, Fri Apr 30 17:29:10 EEST 2021
added stand-up from CSV, Fri Apr 30 17:29:10 EEST 2021
added theatre plays from CSV, Fri Apr 30 17:29:10 EEST 2021
added locations from CSV, Fri Apr 30 17:30:58 EEST 2021
added actors from CSV, Fri Apr 30 17:30:58 EEST 2021
added clients from CSV, Fri Apr 30 17:30:58 EEST 2021
added comedians from CSV, Fri Apr 30 17:30:58 EEST 2021
added singers from CSV, Fri Apr 30 17:30:58 EEST 2021
added concerts from CSV, Fri Apr 30 17:30:58 EEST 2021
added movies from CSV, Fri Apr 30 17:30:58 EEST 2021
added stand-up from CSV, Fri Apr 30 17:30:58 EEST 2021
added theatre plays from CSV, Fri Apr 30 17:30:58 EEST 2021
added locations from CSV, Fri Apr 30 17:33:18 EEST 2021
added actors from CSV, Fri Apr 30 17:33:18 EEST 2021
added clients from CSV, Fri Apr 30 17:33:18 EEST 2021
added comedians from CSV, Fri Apr 30 17:33:18 EEST 2021
added singers from CSV, Fri Apr 30 17:33:18 EEST 2021
added concerts from CSV, Fri Apr 30 17:33:18 EEST 2021
added movies from CSV, Fri Apr 30 17:33:18 EEST 2021
added stand-up from CSV, Fri Apr 30 17:33:18 EEST 2021
added theatre plays from CSV, Fri Apr 30 17:33:18 EEST 2021
added locations from CSV, Fri Apr 30 17:38:18 EEST 2021
added actors from CSV, Fri Apr 30 17:38:18 EEST 2021
added clients from CSV, Fri Apr 30 17:38:18 EEST 2021
added comedians from CSV, Fri Apr 30 17:38:18 EEST 2021
added singers from CSV, Fri Apr 30 17:38:18 EEST 2021
added concerts from CSV, Fri Apr 30 17:38:18 EEST 2021
added movies from CSV, Fri Apr 30 17:38:18 EEST 2021
added stand-up from CSV, Fri Apr 30 17:38:18 EEST 2021
added theatre plays from CSV, Fri Apr 30 17:38:18 EEST 2021
added locations from CSV, Fri Apr 30 17:43:11 EEST 2021
added actors from CSV, Fri Apr 30 17:43:11 EEST 2021
added clients from CSV, Fri Apr 30 17:43:12 EEST 2021
added comedians from CSV, Fri Apr 30 17:43:12 EEST 2021
added singers from CSV, Fri Apr 30 17:43:12 EEST 2021
added concerts from CSV, Fri Apr 30 17:43:12 EEST 2021
added movies from CSV, Fri Apr 30 17:43:12 EEST 2021
added stand-up from CSV, Fri Apr 30 17:43:12 EEST 2021
added theatre plays from CSV, Fri Apr 30 17:43:12 EEST 2021
